umbrella_number,token,full_url,generated_at
1,WWx89umJ0ojUi5zXor45Dw,https://sorrisobeach.roWWx89umJ0ojUi5zXor45Dw,2025-06-13T21:56:34.753335
2,i63likWH2GDvHx2yuIVNHw,https://sorrisobeach.roi63likWH2GDvHx2yuIVNHw,2025-06-13T21:56:34.753335
3,M-AQDzx3vr5-rNVrrylpYg,https://sorrisobeach.roM-AQDzx3vr5-rNVrrylpYg,2025-06-13T21:56:34.753335
4,0vOXxskjbhswbQjpkOA9RQ,https://sorrisobeach.ro0vOXxskjbhswbQjpkOA9RQ,2025-06-13T21:56:34.753335
5,9WcS3fGNMHwFC0UV04oH2Q,https://sorrisobeach.ro9WcS3fGNMHwFC0UV04oH2Q,2025-06-13T21:56:34.753335
6,DX3hF2yD0W0G3Jn19z9Jzw,https://sorrisobeach.roDX3hF2yD0W0G3Jn19z9Jzw,2025-06-13T21:56:34.753335
7,qQNcvsHtCf-tTzy6uFicpg,https://sorrisobeach.roqQNcvsHtCf-tTzy6uFicpg,2025-06-13T21:56:34.753335
8,ubm7r3Xh-KxynLDOSs2TpQ,https://sorrisobeach.roubm7r3Xh-KxynLDOSs2TpQ,2025-06-13T21:56:34.753335
9,8tUoDuIwXtd1DHk3SOO2Ow,https://sorrisobeach.ro8tUoDuIwXtd1DHk3SOO2Ow,2025-06-13T21:56:34.753335
10,B0tkfLmo4chQ2JA36GsMJQ,https://sorrisobeach.roB0tkfLmo4chQ2JA36GsMJQ,2025-06-13T21:56:34.753335
11,YNRC7QJjcrtMruIAOc2Xrg,https://sorrisobeach.roYNRC7QJjcrtMruIAOc2Xrg,2025-06-13T21:56:34.753335
12,YOSlz-EvfME1LsS4kHuIlw,https://sorrisobeach.roYOSlz-EvfME1LsS4kHuIlw,2025-06-13T21:56:34.753335
13,BNds6SeIqbPZHmBFgySq6w,https://sorrisobeach.roBNds6SeIqbPZHmBFgySq6w,2025-06-13T21:56:34.753335
14,zonrSNCWFHldR5urWqnbRg,https://sorrisobeach.rozonrSNCWFHldR5urWqnbRg,2025-06-13T21:56:34.753335
15,-VgM8gB6cARYUQlA19WLCw,https://sorrisobeach.ro-VgM8gB6cARYUQlA19WLCw,2025-06-13T21:56:34.753335
16,dZYw_EdFgZcOoGgOZUmGig,https://sorrisobeach.rodZYw_EdFgZcOoGgOZUmGig,2025-06-13T21:56:34.753335
17,xD5BpX0A-b9LGBV7zagxrw,https://sorrisobeach.roxD5BpX0A-b9LGBV7zagxrw,2025-06-13T21:56:34.753335
18,0HF3n7MoAcx4XkDKOi0QpQ,https://sorrisobeach.ro0HF3n7MoAcx4XkDKOi0QpQ,2025-06-13T21:56:34.753335
19,yC6GWaVTOb6IS8Y6BywfUw,https://sorrisobeach.royC6GWaVTOb6IS8Y6BywfUw,2025-06-13T21:56:34.753335
20,5iUtAp9KPfDyyErIJorpsw,https://sorrisobeach.ro5iUtAp9KPfDyyErIJorpsw,2025-06-13T21:56:34.753335
21,e6t4QwvDBslhOQYcYeL7bw,https://sorrisobeach.roe6t4QwvDBslhOQYcYeL7bw,2025-06-13T21:56:34.753335
22,f7k6DlLWE9KZYlptGQaY8g,https://sorrisobeach.rof7k6DlLWE9KZYlptGQaY8g,2025-06-13T21:56:34.753335
23,tOki6FNU5ZwHuQ3zxsR3DA,https://sorrisobeach.rotOki6FNU5ZwHuQ3zxsR3DA,2025-06-13T21:56:34.753335
24,GVYbCEBQBnFRXftzPuPIRA,https://sorrisobeach.roGVYbCEBQBnFRXftzPuPIRA,2025-06-13T21:56:34.753335
25,7VFe6RRB5F1Q_lgik1ZGgg,https://sorrisobeach.ro7VFe6RRB5F1Q_lgik1ZGgg,2025-06-13T21:56:34.753335
26,MCiCgDNx-nOMZOv5b3nkWw,https://sorrisobeach.roMCiCgDNx-nOMZOv5b3nkWw,2025-06-13T21:56:34.753335
27,OCpHWNSeqQsJ0apCxPPfCA,https://sorrisobeach.roOCpHWNSeqQsJ0apCxPPfCA,2025-06-13T21:56:34.753335
28,5G__p-E0uxQ-IwjU0YQwMA,https://sorrisobeach.ro5G__p-E0uxQ-IwjU0YQwMA,2025-06-13T21:56:34.753335
29,BVFo_1167sd4efpJHNm7Ng,https://sorrisobeach.roBVFo_1167sd4efpJHNm7Ng,2025-06-13T21:56:34.753335
30,KS5nbWFdy39BVkjoAjmD0w,https://sorrisobeach.roKS5nbWFdy39BVkjoAjmD0w,2025-06-13T21:56:34.753335
31,Ou5wnlVTngl2tKFtWjlgbA,https://sorrisobeach.roOu5wnlVTngl2tKFtWjlgbA,2025-06-13T21:56:34.753335
32,VBd9c2Zks-EASVJIBI5b7w,https://sorrisobeach.roVBd9c2Zks-EASVJIBI5b7w,2025-06-13T21:56:34.753335
33,UthCiKz9GBtEga0_u-0PPA,https://sorrisobeach.roUthCiKz9GBtEga0_u-0PPA,2025-06-13T21:56:34.753335
34,-O0dU2ddN7aJpzLysom90A,https://sorrisobeach.ro-O0dU2ddN7aJpzLysom90A,2025-06-13T21:56:34.753335
35,WJ9dOdUiORdy7ilVqgDGrA,https://sorrisobeach.roWJ9dOdUiORdy7ilVqgDGrA,2025-06-13T21:56:34.753335
36,kA0MfktuAlEzylYw8QdmhA,https://sorrisobeach.rokA0MfktuAlEzylYw8QdmhA,2025-06-13T21:56:34.753335
37,I1XWz9DnnXD-9-rAO5dUkQ,https://sorrisobeach.roI1XWz9DnnXD-9-rAO5dUkQ,2025-06-13T21:56:34.753335
38,Sr4t50NmivTurseN7Aug4Q,https://sorrisobeach.roSr4t50NmivTurseN7Aug4Q,2025-06-13T21:56:34.753335
39,W1Na1ASsOMP6FsDVKnPrxQ,https://sorrisobeach.roW1Na1ASsOMP6FsDVKnPrxQ,2025-06-13T21:56:34.753335
40,RKijVVDEUEoIyXrPbzHrRw,https://sorrisobeach.roRKijVVDEUEoIyXrPbzHrRw,2025-06-13T21:56:34.753335
41,uJUQolDzpvsSL5iJq09VCQ,https://sorrisobeach.rouJUQolDzpvsSL5iJq09VCQ,2025-06-13T21:56:34.753335
42,2enDvbZb1jRr-iypz_HKpw,https://sorrisobeach.ro2enDvbZb1jRr-iypz_HKpw,2025-06-13T21:56:34.753335
43,u1UCZ9-5Vevejc-Yr_v8fw,https://sorrisobeach.rou1UCZ9-5Vevejc-Yr_v8fw,2025-06-13T21:56:34.753335
44,ADSIFvvwQSFK6epdC40_6A,https://sorrisobeach.roADSIFvvwQSFK6epdC40_6A,2025-06-13T21:56:34.753335
45,YsVW_NoXRkZqI05mPH3H5w,https://sorrisobeach.roYsVW_NoXRkZqI05mPH3H5w,2025-06-13T21:56:34.753335
46,hfnxl8NXqIhBxsUXGUpjBg,https://sorrisobeach.rohfnxl8NXqIhBxsUXGUpjBg,2025-06-13T21:56:34.753335
47,qJtinHYjXNOwf9rM9JRvBg,https://sorrisobeach.roqJtinHYjXNOwf9rM9JRvBg,2025-06-13T21:56:34.753335
48,zjeIsozvXUr-Wiy4kamEig,https://sorrisobeach.rozjeIsozvXUr-Wiy4kamEig,2025-06-13T21:56:34.753335
49,LoOs20D9j8N--UdWjfReEA,https://sorrisobeach.roLoOs20D9j8N--UdWjfReEA,2025-06-13T21:56:34.753335
50,--mE6GqN4zTeowgXed8B0g,https://sorrisobeach.ro--mE6GqN4zTeowgXed8B0g,2025-06-13T21:56:34.753335
51,3MQ_Od4dx_mcRxcQBO8QLg,https://sorrisobeach.ro3MQ_Od4dx_mcRxcQBO8QLg,2025-06-13T21:56:34.753335
52,DWyPsH9TpTTAB0VHc5NEyw,https://sorrisobeach.roDWyPsH9TpTTAB0VHc5NEyw,2025-06-13T21:56:34.753335
53,plBgyr-87B7QjESVXpaqaQ,https://sorrisobeach.roplBgyr-87B7QjESVXpaqaQ,2025-06-13T21:56:34.753335
54,ujmye8-wwmSr5Mp7qFQEJA,https://sorrisobeach.roujmye8-wwmSr5Mp7qFQEJA,2025-06-13T21:56:34.753335
55,Ouxhht5eniVXGEtWwTY8kQ,https://sorrisobeach.roOuxhht5eniVXGEtWwTY8kQ,2025-06-13T21:56:34.753335
56,m_Bg3dClen29Ur7fujh_tQ,https://sorrisobeach.rom_Bg3dClen29Ur7fujh_tQ,2025-06-13T21:56:34.753335
57,a7Jh4aY8M3P8QGX0OxckGg,https://sorrisobeach.roa7Jh4aY8M3P8QGX0OxckGg,2025-06-13T21:56:34.753335
58,eow1c2orS0QmSTB828k8sA,https://sorrisobeach.roeow1c2orS0QmSTB828k8sA,2025-06-13T21:56:34.753335
59,F0CevD0RXiWRdTzV0GXu2g,https://sorrisobeach.roF0CevD0RXiWRdTzV0GXu2g,2025-06-13T21:56:34.753335
60,2RS1CAW14G6B-2f9QHyJPg,https://sorrisobeach.ro2RS1CAW14G6B-2f9QHyJPg,2025-06-13T21:56:34.753335
61,M0M9iBivZMhiDwNRWFEBbA,https://sorrisobeach.roM0M9iBivZMhiDwNRWFEBbA,2025-06-13T21:56:34.753335
62,BL8DCJG8hoXQa3bpIqhUmQ,https://sorrisobeach.roBL8DCJG8hoXQa3bpIqhUmQ,2025-06-13T21:56:34.753335
63,ptz_OtqHCyIqnvVOM-QnBA,https://sorrisobeach.roptz_OtqHCyIqnvVOM-QnBA,2025-06-13T21:56:34.753335
64,jsNPK5JjzIj-ESzy2KUfYw,https://sorrisobeach.rojsNPK5JjzIj-ESzy2KUfYw,2025-06-13T21:56:34.753335
65,IsvnkOlr9lIOOyGteh78fA,https://sorrisobeach.roIsvnkOlr9lIOOyGteh78fA,2025-06-13T21:56:34.753335
66,HpHwPyUWXVTE7uOmz-JFgg,https://sorrisobeach.roHpHwPyUWXVTE7uOmz-JFgg,2025-06-13T21:56:34.753335
67,ezon2cghLkcpUCOegUWjSQ,https://sorrisobeach.roezon2cghLkcpUCOegUWjSQ,2025-06-13T21:56:34.753335
68,P2tnlbtkQ9eaIMTNUziVdw,https://sorrisobeach.roP2tnlbtkQ9eaIMTNUziVdw,2025-06-13T21:56:34.753335
69,Hf_ul5QcYH7k0Tbf7Lex7A,https://sorrisobeach.roHf_ul5QcYH7k0Tbf7Lex7A,2025-06-13T21:56:34.753335
70,TqeEm-QHH-NVXTtohJO7ng,https://sorrisobeach.roTqeEm-QHH-NVXTtohJO7ng,2025-06-13T21:56:34.753335
71,9KfrvF-Z8nLw7szL3_Fu5g,https://sorrisobeach.ro9KfrvF-Z8nLw7szL3_Fu5g,2025-06-13T21:56:34.753335
72,veyVJuFo_VJjXA6mig4kAg,https://sorrisobeach.roveyVJuFo_VJjXA6mig4kAg,2025-06-13T21:56:34.753335
73,S9PSkEudWsvrVqnHnrthmg,https://sorrisobeach.roS9PSkEudWsvrVqnHnrthmg,2025-06-13T21:56:34.753335
74,p7W1e954fw5J9eWEyj2ssw,https://sorrisobeach.rop7W1e954fw5J9eWEyj2ssw,2025-06-13T21:56:34.753335
75,JzbaKtNiz_E0K8alNZIBJw,https://sorrisobeach.roJzbaKtNiz_E0K8alNZIBJw,2025-06-13T21:56:34.753335
76,4krS6ewbnZgnlDKZF7rlkA,https://sorrisobeach.ro4krS6ewbnZgnlDKZF7rlkA,2025-06-13T21:56:34.753335
77,IxdwSltEy7z17xRyf3EnPw,https://sorrisobeach.roIxdwSltEy7z17xRyf3EnPw,2025-06-13T21:56:34.753335
78,jTIm48UFaD5DEDC0AKxoLQ,https://sorrisobeach.rojTIm48UFaD5DEDC0AKxoLQ,2025-06-13T21:56:34.753335
79,aNbjgRC-NTGwbSlJ6v2Rgw,https://sorrisobeach.roaNbjgRC-NTGwbSlJ6v2Rgw,2025-06-13T21:56:34.753335
80,wtYqpPmz846M8oNI6yyh8w,https://sorrisobeach.rowtYqpPmz846M8oNI6yyh8w,2025-06-13T21:56:34.753335
81,ih0ZbnTGZBNXUojIjZ5kEQ,https://sorrisobeach.roih0ZbnTGZBNXUojIjZ5kEQ,2025-06-13T21:56:34.753335
82,-jUYh9fjATRBWyKPl4K3cg,https://sorrisobeach.ro-jUYh9fjATRBWyKPl4K3cg,2025-06-13T21:56:34.753335
83,2IyCWq7L0iI5p0MZxuhc7w,https://sorrisobeach.ro2IyCWq7L0iI5p0MZxuhc7w,2025-06-13T21:56:34.753335
84,QNOcpWX-G2_sVr2Jkc-HoQ,https://sorrisobeach.roQNOcpWX-G2_sVr2Jkc-HoQ,2025-06-13T21:56:34.753335
85,ZMtzDo7u7k_T7EzH8UkKAQ,https://sorrisobeach.roZMtzDo7u7k_T7EzH8UkKAQ,2025-06-13T21:56:34.753335
86,9k_bBOAe8pOrj3H8NgEx4Q,https://sorrisobeach.ro9k_bBOAe8pOrj3H8NgEx4Q,2025-06-13T21:56:34.753335
87,Kwctes3wfh6mPFh_DlfE4Q,https://sorrisobeach.roKwctes3wfh6mPFh_DlfE4Q,2025-06-13T21:56:34.753335
88,F2perk9mdj8kvO0e_MMsfw,https://sorrisobeach.roF2perk9mdj8kvO0e_MMsfw,2025-06-13T21:56:34.753335
89,4GEnEA8SndhX4zD_cSI__A,https://sorrisobeach.ro4GEnEA8SndhX4zD_cSI__A,2025-06-13T21:56:34.753335
90,w75unEFshFywPOKLzE9pRw,https://sorrisobeach.row75unEFshFywPOKLzE9pRw,2025-06-13T21:56:34.753335
91,D5f2W-mR7OkhnqcQL5JygA,https://sorrisobeach.roD5f2W-mR7OkhnqcQL5JygA,2025-06-13T21:56:34.753335
92,EgIgVOQlZhNZidDUM6yhvA,https://sorrisobeach.roEgIgVOQlZhNZidDUM6yhvA,2025-06-13T21:56:34.753335
93,fpI2ydL5_wUyj9MTfknCtA,https://sorrisobeach.rofpI2ydL5_wUyj9MTfknCtA,2025-06-13T21:56:34.753335
94,gYWAzJ1TR5Zfx5tuwKqoRQ,https://sorrisobeach.rogYWAzJ1TR5Zfx5tuwKqoRQ,2025-06-13T21:56:34.753335
95,A1TF9at5Vfr3t3ZG8R4bfg,https://sorrisobeach.roA1TF9at5Vfr3t3ZG8R4bfg,2025-06-13T21:56:34.753335
96,erXGPPKP8wlkCpEsG-wiAA,https://sorrisobeach.roerXGPPKP8wlkCpEsG-wiAA,2025-06-13T21:56:34.753335
97,kn_i8F3g70EOF2l0N2jW4A,https://sorrisobeach.rokn_i8F3g70EOF2l0N2jW4A,2025-06-13T21:56:34.753335
98,C7KuYlTl2dxPVwEMesOmsA,https://sorrisobeach.roC7KuYlTl2dxPVwEMesOmsA,2025-06-13T21:56:34.753335
99,yPFzPe8RLbt5UDcH3udBLA,https://sorrisobeach.royPFzPe8RLbt5UDcH3udBLA,2025-06-13T21:56:34.753335
100,DzOegaj1dnEBUUHRAbEphA,https://sorrisobeach.roDzOegaj1dnEBUUHRAbEphA,2025-06-13T21:56:34.753335
101,03T2CXC54RQwjUt9Y_Ek8w,https://sorrisobeach.ro03T2CXC54RQwjUt9Y_Ek8w,2025-06-13T21:56:34.753335
102,0q47we7xgSKssdC7d0a8CA,https://sorrisobeach.ro0q47we7xgSKssdC7d0a8CA,2025-06-13T21:56:34.753335
103,jHDz9YKd47vpduy_SPLQ7A,https://sorrisobeach.rojHDz9YKd47vpduy_SPLQ7A,2025-06-13T21:56:34.753335
104,tZ7pyxqmwbrjKqWXDF12Mg,https://sorrisobeach.rotZ7pyxqmwbrjKqWXDF12Mg,2025-06-13T21:56:34.753335
105,ImRqAKAgl-eS5BGFO5oFnw,https://sorrisobeach.roImRqAKAgl-eS5BGFO5oFnw,2025-06-13T21:56:34.753335
106,Vya0h3nwk3E1PjW7MDHXoA,https://sorrisobeach.roVya0h3nwk3E1PjW7MDHXoA,2025-06-13T21:56:34.753335
107,wUgOgcD1O_GaxWVVHHSLQA,https://sorrisobeach.rowUgOgcD1O_GaxWVVHHSLQA,2025-06-13T21:56:34.753335
108,ry4tUEL7byilGgyjZgFxGg,https://sorrisobeach.rory4tUEL7byilGgyjZgFxGg,2025-06-13T21:56:34.753335
109,6ZSGIYpAauBbwl0bhyxbjg,https://sorrisobeach.ro6ZSGIYpAauBbwl0bhyxbjg,2025-06-13T21:56:34.753335
110,00NHkoGa8sRIlckylWEUWw,https://sorrisobeach.ro00NHkoGa8sRIlckylWEUWw,2025-06-13T21:56:34.753335
111,eM9HBkjtNnVZ5iSbI8YtkA,https://sorrisobeach.roeM9HBkjtNnVZ5iSbI8YtkA,2025-06-13T21:56:34.753335
112,LOiHprug_2aIPYAxiQ-iug,https://sorrisobeach.roLOiHprug_2aIPYAxiQ-iug,2025-06-13T21:56:34.753335
113,uNbndozyw91zqDt96gbQ3w,https://sorrisobeach.rouNbndozyw91zqDt96gbQ3w,2025-06-13T21:56:34.753335
114,n_rAbldmsTwGCgqkLPKUiA,https://sorrisobeach.ron_rAbldmsTwGCgqkLPKUiA,2025-06-13T21:56:34.753335
115,ppXXhkTMlp1VUdu94SgDbw,https://sorrisobeach.roppXXhkTMlp1VUdu94SgDbw,2025-06-13T21:56:34.753335
116,Gu5a7Z2c5CjC0mCrg8ZZeQ,https://sorrisobeach.roGu5a7Z2c5CjC0mCrg8ZZeQ,2025-06-13T21:56:34.753335
117,Cxrh1zIxVTWOCvJVo1r3Ug,https://sorrisobeach.roCxrh1zIxVTWOCvJVo1r3Ug,2025-06-13T21:56:34.753335
118,VGUfS7-ZbTL6CcB0WfUhZA,https://sorrisobeach.roVGUfS7-ZbTL6CcB0WfUhZA,2025-06-13T21:56:34.753335
119,t5c29CQqYLZpYju64jni9w,https://sorrisobeach.rot5c29CQqYLZpYju64jni9w,2025-06-13T21:56:34.753335
120,MwfodtxCdYzDMvLW657evQ,https://sorrisobeach.roMwfodtxCdYzDMvLW657evQ,2025-06-13T21:56:34.753335
121,kxLlOwwnyGo0dlQD5IQNmA,https://sorrisobeach.rokxLlOwwnyGo0dlQD5IQNmA,2025-06-13T21:56:34.753335
122,NqlVrCna-Ga6rPENFPhBIg,https://sorrisobeach.roNqlVrCna-Ga6rPENFPhBIg,2025-06-13T21:56:34.753335
123,NzA2W1tRcX9akhL2DFnsKg,https://sorrisobeach.roNzA2W1tRcX9akhL2DFnsKg,2025-06-13T21:56:34.753335
124,VOorubirdQ28aqI7LFyALw,https://sorrisobeach.roVOorubirdQ28aqI7LFyALw,2025-06-13T21:56:34.753335
125,cryKFB_90W7u9_MW0feNQw,https://sorrisobeach.rocryKFB_90W7u9_MW0feNQw,2025-06-13T21:56:34.753335
126,dlyeEzus3bSVm9nSBlKVgQ,https://sorrisobeach.rodlyeEzus3bSVm9nSBlKVgQ,2025-06-13T21:56:34.753335
127,TcW44FSaUlM0wgGfpyGRPw,https://sorrisobeach.roTcW44FSaUlM0wgGfpyGRPw,2025-06-13T21:56:34.753335
128,Rf_zyGv9lCvHdR2bANUxhg,https://sorrisobeach.roRf_zyGv9lCvHdR2bANUxhg,2025-06-13T21:56:34.753335
129,KY3kpjvqr3LyCA-YNEc3iQ,https://sorrisobeach.roKY3kpjvqr3LyCA-YNEc3iQ,2025-06-13T21:56:34.753335
130,tp5cw6uJTNGZiruUqcBMsg,https://sorrisobeach.rotp5cw6uJTNGZiruUqcBMsg,2025-06-13T21:56:34.753335
131,ra6bQ7W7jemCfzs_vM4iNA,https://sorrisobeach.rora6bQ7W7jemCfzs_vM4iNA,2025-06-13T21:56:34.753335
132,bb4ZWAKAlLyiWsFThuwurg,https://sorrisobeach.robb4ZWAKAlLyiWsFThuwurg,2025-06-13T21:56:34.753335
133,rTVmDuZJqYAM50qHg6pmGA,https://sorrisobeach.rorTVmDuZJqYAM50qHg6pmGA,2025-06-13T21:56:34.753335
134,gRV9mBsoNufWF7YKTzUzgw,https://sorrisobeach.rogRV9mBsoNufWF7YKTzUzgw,2025-06-13T21:56:34.753335
135,ILsWnE90Q8ImFrsk3cnlDQ,https://sorrisobeach.roILsWnE90Q8ImFrsk3cnlDQ,2025-06-13T21:56:34.753335
136,I1OHztEaD95VRMQUBMGtrA,https://sorrisobeach.roI1OHztEaD95VRMQUBMGtrA,2025-06-13T21:56:34.753335
137,wiUmxReBaoCeMAc8YpbjKg,https://sorrisobeach.rowiUmxReBaoCeMAc8YpbjKg,2025-06-13T21:56:34.753335
138,rWq8HraX8KvJAs4X7yxLeg,https://sorrisobeach.rorWq8HraX8KvJAs4X7yxLeg,2025-06-13T21:56:34.753335
139,FRWnHoCmTK38xY6jpbFcSg,https://sorrisobeach.roFRWnHoCmTK38xY6jpbFcSg,2025-06-13T21:56:34.753335
140,2sb16InJnIXszDvpOCERrA,https://sorrisobeach.ro2sb16InJnIXszDvpOCERrA,2025-06-13T21:56:34.753335
141,LP8sULpx3OJL0SLk8OsJwA,https://sorrisobeach.roLP8sULpx3OJL0SLk8OsJwA,2025-06-13T21:56:34.753335
142,EtcgE1SqaA02ZgGEHI2hkQ,https://sorrisobeach.roEtcgE1SqaA02ZgGEHI2hkQ,2025-06-13T21:56:34.753335
143,0bHWOLDIvgDiIYkLvIewNw,https://sorrisobeach.ro0bHWOLDIvgDiIYkLvIewNw,2025-06-13T21:56:34.753335
144,AGD9g2uNIKD8sedUKvuUzw,https://sorrisobeach.roAGD9g2uNIKD8sedUKvuUzw,2025-06-13T21:56:34.753335
145,OMOWa2pY-D-nrP-2AXdbXA,https://sorrisobeach.roOMOWa2pY-D-nrP-2AXdbXA,2025-06-13T21:56:34.753335
146,Jr5cjbt-i46048ZeuUCQJQ,https://sorrisobeach.roJr5cjbt-i46048ZeuUCQJQ,2025-06-13T21:56:34.753335
147,A7KmwwHA8ezYs-CPzsR7Vw,https://sorrisobeach.roA7KmwwHA8ezYs-CPzsR7Vw,2025-06-13T21:56:34.753335
148,MwpjHTjyJH4pKaQHxcwE8A,https://sorrisobeach.roMwpjHTjyJH4pKaQHxcwE8A,2025-06-13T21:56:34.753335
149,_L9zsmSn9_wni2O8AFCbUg,https://sorrisobeach.ro_L9zsmSn9_wni2O8AFCbUg,2025-06-13T21:56:34.753335
150,jcMDrtJ4iXK2-wko8iJ4_g,https://sorrisobeach.rojcMDrtJ4iXK2-wko8iJ4_g,2025-06-13T21:56:34.753335
